id,first_name,last_name,company,email,address1,address2,zip,city,state_long,state,phone
1,Donalt,Canter,Gottlieb Group,dcanter0@nydailynews.com,9 Homewood Alley,,50335,Des Moines,Iowa,IA,515-601-4495
2,Daphene,McArthur,"West, Schimmel and Rath",dmcarthur1@twitter.com,43 Grover Parkway,,30311,Atlanta,Georgia,GA,770-271-7837
3,Akim,McAlpine,"Quitzon, Schaefer and Gleason",amcalpine2@goo.gl,4 Kipling Drive,,93721,Fresno,California,CA,209-867-8571
4,Kale,Gipp,Klein Group,kgipp3@360.cn,4985 Menomonie Drive,,94975,Petaluma,California,CA,707-840-2551
4,Kale,Gipp,The Klein Group,kgipp3@360.cn,4985 Menomonie Drive,,94975,Petaluma,California,CA,707-840-2551
5,Analise,Doorbar,Stamm-Pagac,adoorbar4@mit.edu,2340 Dennis Center,Apt 11,33180,Miami,Florida,FL,305-604-6702
6,Lewes,Stainland,Gulgowski-Kutch,lstainland5@devhub.com,99470 Caliangt Trail,Apt 12,28410,Wilmington,North Carolina,NC,910-151-9797
7,Evelin,Amburgy,Hettinger Group,eamburgy6@adobe.com,683 Forest Dale Trail,,55114,Saint Paul,Minnesota,MN,612-487-2958
8,Filide,Ricci,Kautzer-Feest,fricci7@xrea.com,4 Manitowish Parkway,,28055,Gastonia,North Carolina,NC,704-110-9832
9,Merrily,Jerram,"Cummings, Batz and Romaguera",mjerram8@umich.edu,66735 Lakeland Center,Apt 13,64101,Kansas City,Missouri,MO,816-717-3307
10,Betty,Berends,Schmitt-Haley,bberends9@hugedomains.com,6 Mayfield Court,Apt 3,91125,Pasadena,California,CA,626-102-3818
11,Barney,Parncutt,"Collier, Grady and Huels",bparncutta@ezinearticles.com,07700 Rutledge Court,,11205,Brooklyn,New York,NY,718-430-6357
11,Barny,Parncutt,"Collier, Grady and Huels",bparncutta@ezinearticles.com,07700 Rutledge Court,,11205,Brooklyn,New York,NY,718-430-6357
12,Janeczka,Addie,McDermott LLC,jaddieb@bbb.org,947 Bunker Hill Place,,93399,Bakersfield,California,CA,661-933-4345
13,Gwynne,Eddington,"Christiansen, Gutmann and Ritchie",geddingtonc@webnode.com,0 Artisan Place,Apt 7,80126,Littleton,Colorado,CO,303-949-6227
14,Guinna,Labden,Parisian-Luettgen,glabdend@examiner.com,01 Mayer Trail,,79171,Amarillo,Texas,TX,806-851-1176
15,Jacquelyn,Ilchenko,Goodwin Inc,jilchenkoe@wisc.edu,9160 Cherokee Avenue,,18763,Wilkes Barre,Pennsylvania,PA,570-384-8352
15,Jacqueline,Ilchenko,Goodwin Inc,jilchenkoe@wisc.edu,9160 Cherokee Avenue,,18763,Wilkes Barre,Pennsylvania,PA,570-384-8352
16,Devin,Szapiro,Kihn LLC,dszapirof@mediafire.com,38 Dayton Terrace,,27150,Winston Salem,North Carolina,NC,336-811-9694
17,Cullen,Cumberland,Cormier Inc,ccumberlandg@blogger.com,9071 Pankratz Park,,43635,Toledo,Ohio,OH,419-235-7824
18,Betsy,Crehan,Koch Group,bcrehanh@skyrock.com,09311 Dawn Place,,49544,Grand Rapids,Michigan,MI,616-150-4905
19,Rouvin,Leacock,Monahan and Sons,rleacocki@dailymotion.com,02254 Delladonna Road,Apt 3,39534,Biloxi,Mississippi,MS,228-265-4371
19,Rouvin,Leacock,Monahan and Sons,rleacocki@dailymotion.com,02254 Delladonna Road,,39534,Biloxi,Mississippi,MS,228-265-4371
20,Mattie,Gantley,Lind-Hartmann,mgantleyj@yale.edu,85151 Ohio Road,,91109,Pasadena,California,CA,626-343-2230
21,Alvinia,Dransfield,Rippin-Donnelly,adransfieldk@g.co,0844 Oakridge Circle,,1905,Lynn,Massachusetts,MA,781-247-1035
22,Mendy,Spaxman,Schaden-Wolff,mspaxmanl@vistaprint.com,936 Lighthouse Bay Court,Apt 5,10175,New York City,New York,NY,646-231-5158
23,De witt,Mariel,Boyle and Sons,dmarielm@irs.gov,7860 Menomonie Way,Apt 8,28242,Charlotte,North Carolina,NC,704-353-3551
24,Shandra,Stenet,Torphy Inc,sstenetn@nsw.gov.au,1 Dottie Way,,40225,Louisville,Kentucky,KY,502-804-0732
25,Giacopo,Storch,Cole Inc,gstorcho@networkadvertising.org,00475 Eagle Crest Crossing,,92115,San Diego,California,CA,619-316-4917
26,Bob,Tremmel,"Strosin, Jerde and Dibbert",btremmelp@nytimes.com,62193 Dryden Alley,,59112,Billings,Montana,MT,406-363-6783
27,Roxanna,Gibbens,"Jacobson, Bahringer and Mayert",rgibbensq@nasa.gov,77 Spohn Lane,Apt 9,90040,Los Angeles,California,CA,310-300-5019
28,Ethelred,Shubotham,White-Abbott,eshubothamr@foxnews.com,09807 Fallview Park,,28405,Wilmington,North Carolina,NC,910-767-6366
19,Rouvin,Leacock,Monahan and Sons,rleacocki@comcast.net,02254 Delladonna Road,,39534,Biloxi,Mississippi,MS,228-265-4371
30,Gavin,Trimming,"Carroll, Sauer and Bauch",gtrimmingt@google.co.jp,2128 Northview Alley,,1813,Woburn,Massachusetts,MA,339-787-2566
31,Jessee,Waldron,Murphy-Hessel,jwaldronu@hud.gov,99061 Forest Run Hill,,77228,Houston,Texas,TX,713-384-6490
32,Sigfrid,Oldknow,Bernhard-Friesen,soldknowv@usda.gov,949 Holmberg Road,,93399,Bakersfield,California,CA,661-538-7322
33,Vonnie,Bullick,"Schuster, Spencer and Batz",vbullickw@deviantart.com,171 1st Center,Apt 8,11241,Brooklyn,New York,NY,347-593-4330
34,Lewes,Balaison,Kling-Gusikowski,lbalaisonx@simplemachines.org,011 Stuart Parkway,,80204,Denver,Colorado,CO,303-700-7479
35,Saudra,Osman,Dare Inc,sosmany@usnews.com,887 Maryland Alley,,77260,Houston,Texas,TX,713-557-6804
37,Katalin,Samet,"Predovic, Pouros and Feest",ksamet10@mtv.com,49 Northview Trail,,36641,Mobile,Alabama,AL,251-760-7361
38,Gunther,Bonas,"D'Amore, Fadel and Welch",gbonas11@tripod.com,1487 American Parkway,Apt 1,92519,Riverside,California,CA,951-933-6645
38,Gunther,Bonas,"D'Amore, Fadel and Welch",gbonas11@tripod.com,1487 American Parkway,Apt 1,92519,Riverside,California,CA,951-933-6645
39,Yorke,Kingsbury,"Welch, Monahan and Roob",ykingsbury12@dmoz.org,49 Manley Hill,,60158,Carol Stream,Illinois,IL,309-244-6745
40,Emiline,Roughey,Smitham-Ebert,eroughey13@fastcompany.com,90 Starling Terrace,,95973,Chico,California,CA,916-370-1281
41,Flora,Mergue,Will-Funk,fmergue14@ehow.com,6 Lake View Way,,64101,Kansas City,Missouri,MO,816-546-5655
42,Jan,Ostridge,Barrows-McLaughlin,jostridge15@samsung.com,0478 Birchwood Center,,92662,Newport Beach,California,CA,949-456-4740
43,Charlena,Tuckett,"Hickle, Champlin and Anderson",ctuckett16@mysql.com,6 Schlimgen Avenue,,2912,Providence,Rhode Island,RI,401-756-7415
44,Giffy,Scotchmor,"Mayert, Klocko and Schumm",gscotchmor17@elpais.com,87 Muir Way,,76205,Denton,Texas,TX,682-224-9004
45,Charita,Leynton,Bechtelar-Volkman,cleynton18@europa.eu,3 Manitowish Avenue,,20709,Laurel,Maryland,MD,202-863-6877
46,Georgy,Dowker,Lang Group,gdowker19@creativecommons.org,1 Debra Center,,95865,Sacramento,California,CA,916-215-4092
47,Freemon,Konzel,Armstrong LLC,fkonzel1a@japanpost.jp,0896 Monterey Street,,89110,Las Vegas,Nevada,NV,702-637-9831
47,Freemon,Konzel,,fkonzel1a@japanpost.jp,,,,,,,
48,Aurelea,McKenney,Heller-O'Keefe,amckenney1b@about.me,204 Blue Bill Park Parkway,,46699,South Bend,Indiana,IN,574-834-4979
49,Gibb,Bezarra,White-Spinka,gbezarra1c@themeforest.net,502 Canary Lane,,61614,Peoria,Illinois,IL,309-784-2935
50,Dex,Lainge,"Zieme, Bartoletti and Ortiz",dlainge1d@ask.com,43 Grasskamp Way,,99709,Fairbanks,Alaska,AK,907-340-1714
50,Dex,Lainge,"Zieme, Bartoletti Ortiz",dlainge1d@ask.com,43 Grasskamp Way,,99709,Fairbanks,Alaska,AK,907-340-1714
51,Eleanora,Konert,Gutmann Group,ekonert1e@springer.com,90 Fieldstone Circle,,80995,Colorado Springs,Colorado,CO,719-568-4033
52,Aurie,Howlett,Macejkovic-Dickinson,ahowlett1f@ucoz.ru,93 Dwight Park,,94705,Berkeley,California,CA,510-903-7596
53,Padget,Blabber,Waelchi-Friesen,pblabber1g@blinklist.com,9471 Northwestern Pass,,18768,Wilkes Barre,Pennsylvania,PA,570-196-8022
54,Leonard,Colclough,Hartmann and Sons,lcolclough1h@arizona.edu,73 Melby Center,,45490,Dayton,Ohio,OH,937-521-2116
54,Leonard,Colclough,Hartmann and Sohns,lcolclough1h@arizona.edu,73 Melby Center,,45490,Dayton,Ohio,OH,937-521-2116
55,Rose,Casella,Considine-Volkman,rcasella1i@php.net,77391 Colorado Place,Apt 5,48335,Farmington,Michigan,MI,248-703-7779
56,Renell,Gass,Cassin LLC,rgass1j@wisc.edu,358 Larry Drive,Apt 9,89150,Las Vegas,Nevada,NV,702-336-4820
57,Jeddy,Woodhead,"Wiegand, Casper and Kreiger",jwoodhead1k@shop-pro.jp,7942 Golf View Drive,,88006,Las Cruces,New Mexico,NM,505-560-1018
58,Aliza,Dessant,Nienow-Renner,adessant1l@java.com,87612 Blue Bill Park Road,Apt 14,95828,Sacramento,California,CA,916-802-2155
59,Evered,Spyvye,Mraz-Wintheiser,espyvye1m@mashable.com,51 Armistice Center,,14652,Rochester,New York,NY,585-504-6169
60,Manon,Eadington,Muller Group,meadington1n@bbc.co.uk,30787 Dexter Street,,15210,Pittsburgh,Pennsylvania,PA,412-912-5234
61,Jehu,Wood,Jacobs-Jacobs,jwood1o@simplemachines.org,23 Delaware Center,,90840,Long Beach,California,CA,562-672-3007
62,Emogene,Obey,Nicolas Inc,eobey1p@wikia.com,79059 Eastlawn Drive,Apt 13,90189,Los Angeles,California,CA,213-515-0726
63,Felipa,Shadrack,Littel-Doyle,fshadrack1q@businesswire.com,36952 Towne Trail,Apt 8,40210,Louisville,Kentucky,KY,502-159-0931
64,Dougie,Sayton,Kessler-Kessler,dsayton1r@meetup.com,28 Packers Court,,93106,Santa Barbara,California,CA,805-215-9702
65,Hunter,Ketch,"McClure, Kshlerin and Franecki",hketch1s@elegantthemes.com,13040 Debra Plaza,,20456,Washington,District of Columbia,DC,202-189-6305
66,Stanfield,Rown,Reilly-Champlin,srown1t@loc.gov,3460 Luster Junction,,77005,Houston,Texas,TX,214-693-5061
66,Stanfield,Rown,Reilly-Champlin Company,srown1t@loc.gov,,,,,,,214-693-5061
67,Galvin,Chevin,"Friesen, Stroman and Rempel",gchevin1u@mozilla.com,21950 Heffernan Street,,80228,Denver,Colorado,CO,720-116-6308
68,Niko,Endicott,Hagenes and Sons,nendicott1v@tinyurl.com,335 Iowa Lane,,36670,Mobile,Alabama,AL,251-263-2644
69,Claretta,Atheis,Kunze Group,catheis1w@tripod.com,75 Brickson Park Alley,Apt 7,92196,San Diego,California,CA,619-489-6966
70,Lorrayne,Broadley,Spinka-Hudson,lbroadley1x@dell.com,055 John Wall Terrace,,48956,Lansing,Michigan,MI,517-634-5583
71,Marti,Berryman,Kohler-Lowe,mberryman1y@vimeo.com,67 Russell Plaza,,55551,Young America,Minnesota,MN,952-711-3042
72,Sylas,MacSharry,Heller LLC,smacsharry1z@google.fr,6 Daystar Road,,23293,Richmond,Virginia,VA,804-696-7197
73,Goran,June,"D'Amore, Weimann and Hermiston",gjune20@hhs.gov,77255 Garrison Street,,22096,Reston,Virginia,VA,571-360-9141
74,Laverne,Baszkiewicz,"Wehner, Raynor and Swaniawski",lbaszkiewicz21@ocn.ne.jp,1 Sage Circle,,15205,Pittsburgh,Pennsylvania,PA,724-883-7831
75,Neal,Tarbet,Witting-Morissette,ntarbet22@devhub.com,14 Brown Parkway,Apt 6,78721,Austin,Texas,TX,512-310-6992
76,Basilius,Rogans,Schaden Group,brogans23@home.pl,30746 Canary Plaza,,98411,Tacoma,Washington,WA,253-425-6712
77,Shep,Pury,Schultz-Stehr,spury24@oracle.com,456 Warner Hill,,91499,Van Nuys,California,CA,213-522-5956
78,Fawnia,Tireman,"Hilpert, Olson and Bernhard",ftireman25@wunderground.com,298 Moose Junction,,10310,Staten Island,New York,NY,718-371-5060
79,Beatrix,Watton,Lebsack Group,bwatton26@a8.net,461 Hoepker Terrace,Apt 10,40505,Lexington,Kentucky,KY,859-289-5728
80,Karolina,Ornells,"Rohan, Berge and Smitham",kornells27@google.ru,3 Florence Plaza,Apt 13,84130,Salt Lake City,Utah,UT,801-797-5954
81,Thomasa,Ivimy,Wisozk-Wilderman,tivimy28@usda.gov,202 Columbus Circle,Apt 10,22093,Hampton,Virginia,VA,571-997-1624
82,Bernie,Stuer,"Rogahn, D'Amore and Morar",bstuer29@ramorar.com,64 High Crossing Crossing,Apt 4,23668,Hampton,Virginia,VA,757-119-1884
83,Jacob,Dehmel,"Rogahn, D'Amore and Morar",jdehmel2a@ramorar.com,6951 Erie Alley,,31422,Hampton,Virginia,VA,757-119-3243
84,Corie,Santora,Lubowitz-Dibbert,csantora2b@howstuffworks.com,91 Main Parkway,,80249,Denver,Colorado,CO,303-223-5985
85,Northrop,Rickword,Stehr LLC,nrickword2c@cafepress.com,3532 Parkside Road,,6140,Hartford,Connecticut,CT,860-980-5293
86,Rania,Condict,Marks LLC,rcondict2d@behance.net,236 School Way,Apt 13,2405,Brockton,Massachusetts,MA,508-944-5026
87,Finlay,Heaven,Wyman LLC,fheaven2e@cbsnews.com,3 Prairie Rose Drive,,12210,Albany,New York,NY,518-278-9066
88,Wendy,Patrone,McLaughlin-Romaguera,wpatrone2f@timesonline.co.uk,097 Annamark Circle,,92612,Irvine,California,CA,510-126-9768
89,Kial,Cressor,"Friesen, Boyle and Kunde",kcressor2g@cbsnews.com,94079 Becker Junction,,88558,El Paso,Texas,TX,915-357-2266
90,Wilmar,Raper,Hilll-Orn,wraper2h@utexas.edu,2780 Union Alley,Apt 10,48912,Lansing,Michigan,MI,517-806-0476
91,Kameko,Mearing,"Ferry, Heathcote and Fritsch",kmearing2i@youtu.be,078 Park Meadow Trail,Apt 4,84605,Provo,Utah,UT,801-542-7238
92,Abba,Blethyn,Brakus and Sons,ablethyn2j@home.pl,68 Larry Street,Apt 11,37995,Knoxville,Tennessee,TN,865-690-0947
93,Siward,Grint,Hauck Inc,sgrint2k@smugmug.com,44153 Westend Lane,,80920,Colorado Springs,Colorado,CO,719-506-2766
94,Teirtza,Baudesson,Walker Inc,tbaudesson2l@delicious.com,9 Golf View Place,Apt 4,75210,Dallas,Texas,TX,469-704-7367
95,Brianna,Gudeman,Greenholt-Christiansen,bgudeman2m@seesaa.net,031 Hoffman Trail,Apt 11,10120,New York City,New York,NY,212-408-5344
96,Thekla,Salman,Google,tsalman2n@histats.com,7462 Schiller Court,,91210,Glendale,California,CA,818-448-0548
96,Thekla,Salman,Morissette-Rice,tsalman2n@histats.com,7462 Schiller Court,,91210,Glendale,California,CA,818-232-2323
97,Austine,Imison,"Cassin, Aufderhar and Macejkovic",aimison2o@rediff.com,06 Florence Avenue,,98405,Tacoma,Washington,WA,253-996-6534
98,Amelia,Hindrick,"Renner, Schaefer and Nienow",ahindrick2p@github.io,76 John Wall Point,,33023,Hollywood,Florida,FL,954-988-3728
99,Tonnie,Bewshire,Stiedemann and Sons,tbewshire2q@umich.edu,59 New Castle Place,,10099,New York City,New York,NY,646-140-3850
100,Ardra,Mulheron,Barrows-Botsford,amulheron2r@nba.com,8625 Kropf Alley,Apt 3,36177,Montgomery,Alabama,AL,334-644-8115